Entity,Difference,Meta
Dining Table,Missing,"[0.3461572527885437, 1.3351601362228394, 864.7652587890625, 549.5082397460938]"
Dining Table,Missing,"[4.4488019943237305, 2.805382013320923, 839.5098876953125, 447.44378662109375]"
Bowl,Missing,"[142.1748809814453, 45.82745361328125, 268.0084533691406, 169.9097900390625]"
Bowl,Missing,"[78.42501831054688, 195.34280395507812, 236.9902801513672, 354.90252685546875]"
Bowl,Missing,"[182.2932586669922, 359.4979248046875, 267.52862548828125, 443.3976745605469]"
Bowl,Missing,"[260.0538635253906, 81.11732482910156, 618.0306396484375, 433.6528015136719]"
Bowl,Missing,"[522.7642822265625, 1.8163566589355469, 788.3330078125, 136.4059295654297]"
Bowl,Missing,"[583.1805419921875, 0.23977255821228027, 742.7724609375, 69.68974304199219]"
Bowl,Missing,"[343.89990234375, 17.55949592590332, 764.8892211914062, 438.9074401855469]"
