Entity,Difference,Meta
Wine Glass,Extra,"[293.9085998535156, 194.86546325683594, 391.0564880371094, 326.75970458984375]"
Knife,Extra,"[475.3020935058594, 0.7819766998291016, 542.4793701171875, 113.49163055419922]"
