Entity,Difference,Meta
Person,Extra,"[273.9386291503906, 1.8170725107192993, 878.0941162109375, 209.01971435546875]"
Person,Extra,"[441.1235046386719, 218.77745056152344, 719.038818359375, 580.37548828125]"
Person,Extra,"[0.395224004983902, 63.79800796508789, 220.4432373046875, 580.123046875]"
Chair,Extra,"[723.0562744140625, 89.134521484375, 880.6262817382812, 311.29339599609375]"
Sandwich,Extra,"[338.3512268066406, 178.60873413085938, 484.6183166503906, 287.48193359375]"
