Entity,Difference,Meta
Banana,Extra,"[777.3701782226562, 444.01025390625, 882.4258422851562, 519.6463623046875]"
