Entity,Difference,Meta
Person,Missing,"[109.03047180175781, 415.8713684082031, 383.0962829589844, 588.3355102539062]"
Person,Missing,"[29.584613800048828, 0.0, 498.1648254394531, 228.90736389160156]"
Person,Missing,"[479.8090515136719, 410.0077209472656, 586.2581787109375, 589.0897216796875]"
Person,Missing,"[29.49561309814453, 2.2362632751464844, 144.04876708984375, 226.08877563476562]"
Person,Missing,"[328.7557067871094, 0.0, 692.0682373046875, 93.5297622680664]"
Person,Missing,"[304.99212646484375, 409.107177734375, 585.883544921875, 589.8001098632812]"
Person,Missing,"[475.72393798828125, 1.93917977809906, 841.5321655273438, 94.16709899902344]"
Chair,Extra,"[4.540832042694092, 389.1062927246094, 301.58074951171875, 430.57940673828125]"
